DATE,RAINFALL(mm),PERCOLATION
01022009,0,0
01032009,0,0
01042009,0,0
01052009,0,0
01062009,0,0
01072009,0,0
01092009,0,0
01102009,0,0
01112009,0,0
01122009,0,0
01132009,0,0
01142009,0,0
01152009,0,0
01162009,0,0
01172009,0,0
01182009,0,0
01192009,0,0
01202009,0,0
01212009,0,0
01222009,0,0
01232009,0,0
01242009,0,0
01252009,0,0
01262009,0,0
01272009,0,0
01282009,0,0
01292009,0,0
01302009,0,0
01312009,0,0
02022009,0,0
02032009,0,0
02042009,0,0
02052009,0,0
02062009,0,0
02072009,0,0
02082009,0,0
02092009,0,0
02102009,0,0
02112009,0,0
02122009,0,0
02132009,0,0
02142009,0,0
02152009,0,0
02162009,0,0
02172009,0,0
02182009,0,0
02192009,0,0
02202009,0,0
02212009,0,0
02222009,0,0
02232009,0,0
02242009,0,0
02252009,0,0
02262009,0,0
02272009,0,0
02282009,0,0
03012009,0,0
03022009,0,0
03032009,0,0
03042009,0,0
03052009,0,0
03062009,0,0
03072009,0,0
03082009,0,0
03092009,0,0
03102009,0,0
03112009,0,0
03122009,0,0
03132009,0,0
03142009,0,0
03152009,0,0
03162009,0,0
03172009,0,0
03182009,0,0
03192009,0,0
03202009,0,0
03212009,0,0
03222009,0,0
03232009,0,0
03242009,0,0
03252009,0,0
03262009,0,0
03272009,0,0
03282009,0,0
03292009,0,0
03302009,0,0
03312009,0,0
04012009,0,0
04022009,0,0
04032009,0,0
04042009,0,0
04052009,0,0
04062009,0,0
04072009,0,0
04082009,0,0
04092009,0,0
04102009,0,0
04112009,0,0
04122009,0,0
04132009,0,0
04142009,0,0
04152009,0,0
04202009,0,0
04212009,0,0
04222009,0,0
04232009,0,0
04242009,0,0
04252009,0,0
04262009,0,0
04272009,0,0
04282009,0,0
04292009,0,0
04302009,0,0
05012009,0,0
05022009,0,0
05032009,0,0
05042009,0,0
05052009,0,0
05062009,0,0
05072009,0,0
05082009,0,0
05092009,0,0
05102009,0,0
05112009,0,0
05122009,0,0
05132009,0,0
05142009,0,0
05152009,0,0
05162009,0,0
05172009,0,0
05182009,0,0
05192009,0,0
05202009,0,0
05212009,0,0
05222009,0,0
05232009,0,0
05242009,0,0
05252009,0,0
05262009,0,0
05272009,0,0
05282009,0,0
05292009,0,0
05302009,0,0
05312009,0,0
06012009,0,0
06022009,0,0
06032009,0,0
06042009,0,0
06052009,0,0
06062009,0,0
06072009,0,0
06082009,0,0
06102009,0,0
06112009,0,0
06122009,0,0
06132009,0,0
06142009,0,0
06152009,0,0
06162009,0,0
06172009,0,0
06182009,0,0
06192009,0,0
06202009,0,0
06212009,0,0
06222009,0,0
06232009,0,0
06242009,0,0
06252009,0,0
06262009,0,0
06272009,0,0
06282009,0,0
06292009,0,0
06302009,0,0
07012009,0,0
07022009,1,0.736414603
07032009,0,0
07042009,0,0
07052009,0,0
07062009,0,0
07072009,0,0
07082009,0,0
07092009,5,3.682073016
07102009,91,67.01372889
07112009,0,0
07122009,0,0
07132009,1,0.736414603
07142009,14,10.30980444
07152009,20,14.72829206
07162009,0,0
07172009,2,1.472829206
07182009,1,0.736414603
07192009,6,4.418487619
07202009,4,2.945658413
07212009,0,0
07222009,2,1.472829206
07232009,29,21.35602349
07242009,3,2.20924381
07252009,7,5.154902222
07262009,2,1.472829206
07272009,0,0
07282009,0,0
07292009,0,0
07302009,0,0
07312009,0,0
08012009,0,0
08022009,0,0
08032009,0,0
08042009,0,0
08052009,0,0
08062009,0,0
08072009,0,0
08082009,0,0
08092009,0,0
08102009,0,0
08112009,0,0
08122009,0,0
08132009,0,0
08142009,0,0
08152009,0,0
08162009,0,0
08172009,1,0.736414603
08182009,0,0
08192009,0,0
08202009,0,0
08212009,0,0
08222009,0,0
08232009,0,0
08242009,0,0
08252009,0,0
08262009,0,0
08272009,2,1.472829206
08282009,15,11.04621905
08292009,37,27.24734032
08302009,86,63.33165587
08312009,3,2.20924381
09012009,6,4.418487619
09022009,0,0
09032009,0,0
09042009,0,0
09052009,0,0
09062009,0,0
09072009,0,0
09082009,0,0
09092009,0,0
09102009,0,0
09112009,0,0
09122009,0,0
09142009,0,0
09152009,0,0
09162009,0,0
09172009,0,0
09182009,0,0
09192009,0,0
09202009,0,0
09212009,0,0
09222009,0,0
09232009,0,0
09242009,0,0
09252009,0,0
09262009,0,0
09272009,0,0
09282009,0,0
09292009,0,0
09302009,0,0
10012009,0,0
10022009,0,0
10032009,0,0
10042009,0,0
10052009,23,16.93753587
10062009,0,0
10072009,0,0
10082009,0,0
10092009,0,0
10102009,0,0
10112009,0,0
10122009,0,0
10132009,0,0
10142009,0,0
10152009,0,0
10162009,0,0
10172009,0,0
10182009,0,0
10202009,0,0
10212009,0,0
10222009,0,0
10232009,0,0
10242009,0,0
10252009,0,0
10262009,0,0
10272009,0,0
10282009,0,0
10292009,0,0
10302009,0,0
10312009,0,0
11012009,0,0
11022009,0,0
11032009,0,0
11042009,0,0
11052009,0,0
11062009,0,0
11072009,0,0
11082009,0,0
11092009,0,0
11102009,0,0
11112009,0,0
11122009,0,0
11132009,0,0
11142009,0,0
11152009,0,0
11162009,0,0
11172009,0,0
11182009,0,0
11192009,0,0
11202009,0,0
11212009,0,0
11222009,0,0
11232009,0,0
11242009,0,0
11252009,0,0
11262009,0,0
11272009,0,0
11282009,0,0
11292009,0,0
11302009,0,0
12012009,0,0
12022009,0,0
12032009,0,0
12042009,0,0
12052009,0,0
12062009,0,0
12072009,0,0
12082009,0,0
12092009,0,0
12102009,0,0
12112009,0,0
12122009,0,0
12132009,0,0
12142009,0,0
12152009,0,0
12162009,0,0
12172009,0,0
12182009,0,0
12192009,0,0
12202009,0,0
12212009,0,0
12222009,0,0
12232009,0,0
12242009,0,0
12252009,0,0
12262009,0,0
12272009,0,0
12282009,0,0
12292009,0,0
12302009,0,0
12312009,0,0
01012010,0,0
01022010,0,0
01032010,0,0
01042010,0,0
01052010,0,0
01062010,0,0
01072010,0,0
01082010,0,0
01092010,0,0
01102010,0,0
01112010,0,0
01122010,0,0
01132010,0,0
01142010,0,0
01152010,0,0
01162010,0,0
01182010,0,0
01192010,0,0
01202010,0,0
01212010,0,0
01222010,0,0
01232010,0,0
01242010,0,0
01252010,0,0
01262010,0,0
01272010,0,0
01282010,0,0
01292010,0,0
01302010,0,0
01312010,0,0
02012010,0,0
02022010,0,0
02032010,0,0
02042010,0,0
02052010,0,0
02062010,0,0
02072010,0,0
02082010,0,0
02092010,0,0
02102010,0,0
02112010,0,0
02122010,0,0
02132010,0,0
02142010,0,0
02152010,0,0
02162010,0,0
02172010,0,0
02182010,0,0
02192010,0,0
02202010,0,0
02212010,0,0
02222010,0,0
02232010,0,0
02242010,0,0
02252010,0,0
02262010,0,0
02272010,0,0
02282010,0,0
03012010,0,0
03022010,0,0
03032010,0,0
03042010,0,0
03052010,0,0
03062010,0,0
03072010,0,0
03082010,0,0
03092010,0,0
03102010,0,0
03112010,0,0
03122010,0,0
03132010,0,0
03142010,0,0
03152010,0,0
03162010,0,0
03172010,0,0
03182010,0,0
03192010,0,0
03202010,0,0
03212010,0,0
03222010,0,0
03232010,0,0
03242010,0,0
03252010,0,0
03262010,0,0
03272010,0,0
03282010,0,0
03292010,0,0
03302010,0,0
03312010,0,0
04012010,0,0
04022010,0,0
04032010,0,0
04042010,0,0
04052010,0,0
04062010,0,0
04072010,0,0
04082010,0,0
04092010,0,0
04102010,0,0
04112010,0,0
04122010,0,0
04132010,0,0
04142010,0,0
04152010,0,0
04162010,0,0
04172010,0,0
04182010,0,0
04192010,0,0
04292010,0,0
04302010,0,0
05012010,0,0
05022010,0,0
05032010,0,0
05042010,0,0
05052010,0,0
05062010,0,0
05072010,0,0
05082010,0,0
05092010,0,0
05102010,0,0
05112010,0,0
05122010,0,0
05132010,0,0
05142010,0,0
05152010,0,0
05162010,0,0
05172010,0,0
05182010,0,0
05192010,0,0
05202010,0,0
05212010,0,0
05222010,0,0
05232010,0,0
05242010,0,0
05252010,0,0
05262010,0,0
05272010,0,0
05282010,0,0
05292010,0,0
05302010,0,0
05312010,0,0
06012010,0,0
06022010,5,3.682073016
06032010,0,0
06042010,0,0
06052010,0,0
06062010,3,2.20924381
06072010,37,27.24734032
06082010,9,6.627731429
06092010,0,0
06102010,0,0
06112010,0,0
06122010,0,0
06132010,0,0
06142010,0,0
06152010,1,0.736414603
06162010,0,0
06172010,12,8.836975238
06182010,0,0
06192010,0,0
06202010,0,0
06212010,0,0
06222010,0,0
06232010,0,0
06242010,0,0
06252010,0,0
06262010,0,0
06272010,0,0
06282010,0,0
06292010,0,0
06302010,0,0
07012010,0,0
07022010,45,33.13865714
07032010,20,14.72829206
07042010,1,0.736414603
07052010,9,6.627731429
07062010,4,2.945658413
07072010,15,11.04621905
07082010,0,0
07092010,0,0
07102010,3,2.20924381
07112010,0,0
07122010,0,0
07132010,0,0
07142010,5,3.682073016
07152010,0,0
07162010,0,0
07172010,2,1.472829206
07182010,0,0
07192010,0,0
07202010,0,0
07212010,1,0.736414603
07222010,67,49.33977841
07232010,1,0.736414603
07242010,135,99.41597143
07252010,25,18.41036508
07262010,69,50.81260762
07272010,2,1.472829206
07282010,12,8.836975238
07292010,3,2.20924381
07302010,0,0
07312010,0,0
08012010,86,63.33165587
08022010,57,41.97563238
08032010,100,73.64146032
08042010,67,49.33977841
08052010,0,0
08062010,0,0
08072010,2,1.472829206
08092010,141,103.834459
08102010,0,0
08112010,41,30.19299873
08122010,0,0
08132010,0,0
08142010,29,21.35602349
08152010,2,1.472829206
08162010,0,0
08152010,0,0
08162010,0,0
08172010,0,0
08182010,0,0
08192010,24,17.67395048
08202010,13,9.573389841
08212010,1,0.736414603
08222010,14,10.30980444
08232010,0,0
08242010,1,0.736414603
08252010,0,0
08262010,1,0.736414603
08272010,0,0
08282010,5,3.682073016
08292010,33,24.30168191
08302010,4,2.945658413
08312010,6,4.418487619
09012010,2,1.472829206
09022010,1,0.736414603
09032010,1,0.736414603
09042010,0,0
09052010,6,4.418487619
09062010,3,2.20924381
09072010,16,11.78263365
09082010,3,2.20924381
09102010,40,29.45658413
09112010,13,9.573389841
09122010,2,1.472829206
09132010,8,5.891316826
09142010,0,0
09152010,2,1.472829206
09162010,0,0
09172010,0,0
09182010,0,0
09192010,0,0
09202010,0,0
09232010,0,0
09242010,0,0
09252010,0,0
09262010,0,0
09272010,0,0
09282010,0,0
09272010,0,0
09282010,0,0
09292010,0,0
09302010,0,0
10012010,0,0
10022010,0,0
10032010,0,0
10042010,0,0
10052010,0,0
10062010,0,0
10072010,0,0
10082010,0,0
10092010,0,0
10102010,0,0
10112010,0,0
10122010,0,0
10132010,0,0
10142010,0,0
10152010,0,0
10162010,0,0
10172010,0,0
10182010,0,0
10192010,0,0
10202010,0,0
10212010,0,0
10222010,0,0
10232010,0,0
10242010,0,0
10252010,0,0
10262010,0,0
10272010,0,0
10282010,0,0
10292010,0,0
10302010,0,0
10312010,0,0
11012010,0,0
11022010,0,0
11032010,0,0
11042010,0,0
11052010,0,0
11062010,0,0
11072010,0,0
11082010,0,0
11092010,0,0
11102010,0,0
11112010,0,0
11122010,0,0
11132010,0,0
11142010,0,0
11152010,0,0
11162010,0,0
11172010,4,2.945658413
11182010,0,0
11192010,0,0
11202010,0,0
11212010,0,0
11222010,0,0
11212010,1,0.736414603
11222010,1,0.736414603
11232010,4,2.945658413
11252010,0,0
11262010,0,0
11272010,0,0
11282010,0,0
11292010,0,0
12022010,0,0
12032010,0,0
12042010,0,0
12052010,0,0
12062010,0,0
12072010,0,0
12082010,0,0
12092010,0,0
12102010,0,0
12112010,0,0
12122010,0,0
12132010,0,0
12142010,0,0
12152010,0,0
12162010,0,0
12172010,0,0
12182010,0,0
12272010,0,0
12292010,0,0
01012011,0,0
01262011,0,0
04062011,0,0
04072011,0,0
04082011,0,0
04092011,0,0
04102011,0,0
04112011,0,0
04122011,1,0.736414603
04132011,0,0
04142011,0,0
04152011,0,0
04162011,0,0
04172011,0,0
04182011,0,0
04192011,0,0
04202011,0,0
04212011,0,0
04222011,0,0
04232011,0,0
04242011,0,0
04252011,0,0
04262011,0,0
04272011,0,0
04282011,0,0
04292011,0,0
04302011,0,0
05012011,0,0
05022011,0,0
05032011,0,0
05042011,0,0
05052011,0,0
05062011,0,0
05102011,0,0
05112011,0,0
05122011,0,0
05132011,0,0
05142011,0,0
05152011,0,0
05162011,0,0
05172011,0,0
05182011,0,0
05192011,0,0
05202011,0,0
05212011,0,0
05222011,0,0
05232011,0,0
05242011,0,0
05252011,0,0
05262011,0,0
05272011,9,6.627731429
05282011,0,0
05292011,0,0
05302011,0,0
05312011,0,0
06012011,0,0
06022011,0,0
06032011,2,1.472829206
06042011,0,0
06052011,0,0
06062011,0,0
06072011,0,0
06082011,0,0
06092011,0,0
06102011,0,0
06112011,0,0
06122011,0,0
06132011,0,0
06142011,0,0
06152011,0,0
06162011,0,0
06172011,0,0
06182011,0,0
06192011,0,0
06202011,0,0
06212011,0,0
06222011,0,0
06232011,0,0
06242011,0,0
06252011,0,0
06262011,0,0
06272011,0,0
06282011,0,0
06292011,0,0
07012011,0,0
07022011,0,0
07032011,0,0
07042011,0,0
07052011,0,0
07062011,0,0
07072011,23,16.93753587
07082011,9,6.627731429
07092011,52,38.29355937
07102011,32,23.5652673
07112011,37,27.24734032
07122011,2,1.472829206
07132011,0,0
07142011,2,1.472829206
07152011,0,0
07162011,0,0
07172011,0,0
07182011,24,17.67395048
07192011,3,2.20924381
07202011,0,0
07212011,0,0
07222011,0,0
07232011,1,0.736414603
07242011,2,1.472829206
07252011,0,0
07262011,4,2.945658413
07272011,0,0
07282011,0,0
07292011,13,9.573389841
07302011,0,0
07312011,0,0
08012011,0,0
08022011,0,0
08032011,0,0
08042011,0,0
08052011,0,0
08062011,0,0
08072011,0,0
08082011,0,0
08092011,27,19.88319429
08102011,28,20.61960889
08112011,41,30.19299873
08122011,11,8.100560635
08132011,36,26.51092571
08142011,21,15.46470667
08152011,5,3.682073016
08162011,0,0
08172011,2,1.472829206
08182011,0,0
08192011,0,0
08202011,3,2.20924381
08212011,14,10.30980444
08222011,0,0
08232011,0,0
08242011,0,0
08252011,0,0
08262011,0,0
08272011,0,0
08282011,0,0
08292011,0,0
08302011,0,0
08312011,0,0
09012011,0,0
09022011,0,0
09032011,0,0
09042011,0,0
09052011,0,0
09062011,0,0
09072011,0,0
09082011,0,0
09092011,0,0
09102011,0,0
09112011,0,0
09122011,0,0
09132011,0,0
09142011,0,0
09152011,0,0
09162011,0,0
09172011,0,0
09182011,0,0
09192011,0,0
09202011,0,0
09212011,0,0
09222011,0,0
09232011,0,0
09242011,0,0
09252011,0,0
09262011,0,0
09272011,0,0
09292011,0,0
09302011,0,0
10012011,0,0
10022011,0,0
10032011,0,0
10042011,0,0
10052011,0,0
10062011,0,0
10072011,0,0
10082011,0,0
10092011,0,0
10102011,0,0
10112011,0,0
10122011,0,0
10132011,0,0
10142011,0,0
10152011,0,0
10162011,0,0
10172011,0,0
10182011,0,0
10192011,0,0
10202011,0,0
10212011,0,0
10222011,0,0
10232011,0,0
10242011,0,0
10252011,0,0
10262011,0,0
10272011,0,0
10282011,0,0
10292011,0,0
10302011,0,0
10312011,0,0
11012011,0,0
11022011,0,0
11032011,0,0
11042011,0,0
11052011,0,0
11062011,0,0
11072011,0,0
11082011,0,0
11092011,0,0
11102011,0,0
11112011,0,0
11122011,0,0
11132011,0,0
11142011,0,0
11152011,0,0
11162011,0,0
11172011,0,0
11182011,0,0
11192011,0,0
11202011,0,0
11212011,0,0
11222011,0,0
11232011,0,0
11242011,0,0
11252011,0,0
11262011,0,0
11272011,0,0
11282011,0,0
11292011,0,0
11302011,0,0
12012011,0,0
12022011,0,0
12032011,0,0
12042011,0,0
12052011,0,0
12062011,0,0
12072011,0,0
12082011,0,0
12092011,0,0
12102011,0,0
12112011,0,0
12122011,0,0
12132011,0,0
12142011,0,0
12152011,0,0
12162011,0,0
12172011,0,0
12182011,0,0
12192011,0,0
12202011,0,0
12212011,0,0
12222011,0,0
12232011,0,0
12242011,0,0
12252011,0,0
12262011,0,0
12272011,0,0
12282011,0,0
12292011,0,0
12302011,0,0
12312011,0,0
01012012,0,0
01022012,0,0
01032012,0,0
01042012,0,0
01052012,0,0
01062012,0,0
01072012,0,0
01082012,0,0
01092012,0,0
01102012,0,0
01112012,0,0
01122012,0,0
01132012,0,0
01142012,0,0
01152012,0,0
01162012,0,0
01172012,0,0
01182012,0,0
01192012,0,0
01202012,0,0
01212012,0,0
01222012,0,0
01232012,0,0
01242012,0,0
01252012,0,0
01262012,0,0
01272012,0,0
01282012,0,0
01292012,0,0
01302012,0,0
01312012,0,0
02012012,0,0
02022012,0,0
02032012,0,0
02042012,0,0
02052012,0,0
02062012,0,0
02072012,0,0
02082012,0,0
02092012,0,0
02102012,0,0
02112012,0,0
02122012,0,0
02132012,0,0
02142012,0,0
02152012,0,0
02162012,0,0
02172012,0,0
02182012,0,0
02192012,0,0
02202012,0,0
02212012,0,0
02222012,0,0
02232012,0,0
02242012,0,0
02252012,0,0
02262012,0,0
02272012,0,0
02282012,0,0
02292012,0,0
03012012,0,0
03022012,0,0
03032012,0,0
03042012,0,0
03052012,0,0
03062012,0,0
03072012,0,0
03082012,0,0
03092012,0,0
03102012,0,0
03112012,0,0
03122012,0,0
03132012,0,0
03142012,0,0
03152012,0,0
03162012,0,0
03172012,0,0
03182012,0,0
03192012,0,0
03202012,0,0
03212012,0,0
03222012,0,0
03232012,0,0
03242012,0,0
03252012,0,0
03262012,0,0
03272012,0,0
03282012,0,0
03292012,0,0
03302012,0,0
03312012,0,0
04012012,0,0
04022012,0,0
04032012,0,0
04042012,0,0
04052012,0,0
04062012,0,0
04072012,0,0
04082012,0,0
04092012,0,0
04102012,0,0
04112012,0,0
04122012,0,0
04132012,0,0
04142012,0,0
04152012,0,0
04162012,0,0
04172012,0,0
04182012,0,0
04192012,0,0
04202012,0,0
04212012,0,0
04222012,0,0
04232012,0,0
04242012,0,0
04252012,0,0
04262012,0,0
04272012,0,0
04282012,0,0
04292012,0,0
04302012,0,0
05012012,0,0
05022012,0,0
05032012,0,0
05042012,0,0
05052012,0,0
05062012,0,0
05072012,0,0
05082012,0,0
05092012,0,0
05102012,0,0
05112012,0,0
05122012,0,0
05132012,0,0
05142012,0,0
05152012,0,0
05162012,0,0
05172012,0,0
05182012,0,0
05192012,0,0
05202012,0,0
05212012,0,0
05222012,0,0
05232012,0,0
05242012,0,0
05252012,0,0
05262012,0,0
05272012,0,0
05282012,0,0
05292012,0,0
05302012,0,0
05312012,0,0
06012012,0,0
06022012,0,0
06032012,0,0
06042012,0,0
06052012,0,0
06062012,0,0
06072012,0,0
06082012,0,0
06092012,0,0
06102012,0,0
06112012,0,0
06122012,0,0
06132012,0,0
06142012,0,0
06152012,0,0
06162012,0,0
06172012,0,0
06182012,0,0
06192012,0,0
06202012,0,0
06252012,0,0
06262012,0,0
06272012,0,0
06282012,0,0
06292012,0,0
06302012,0,0
07012012,0,0
07022012,0,0
07032012,0,0
07042012,0,0
07052012,0,0
07062012,0,0
07072012,0,0
07082012,0,0
07092012,0,0
07102012,0,0
07112012,0,0
07122012,0,0
07132012,0,0
07142012,0,0
07152012,0,0
07162012,0,0
07172012,0,0
07182012,0,0
07192012,0,0
07202012,0,0
07212012,0,0
07222012,0,0
07232012,0,0
07242012,0,0
07252012,0,0
07262012,0,0
07272012,0,0
07282012,0,0
07292012,0,0
07302012,0,0
07312012,0,0
08012012,0,0
08022012,0,0
08032012,0,0
08042012,0,0
08052012,0,0
08062012,0,0
08072012,0,0
08082012,0,0
08092012,0,0
08102012,0,0
08112012,0,0
08122012,0,0
08132012,0,0
08142012,0,0
08152012,0,0
08162012,0,0
08172012,0,0
08182012,0,0
08192012,0,0
08202012,0,0
08212012,0,0
08222012,0,0
08232012,0,0
08242012,0,0
08252012,0,0
08262012,0,0
08272012,0,0
08282012,0,0
08292012,0,0
08302012,0,0
08312012,0,0
09012012,0,0
09022012,0,0
09032012,0,0
09042012,0,0
09052012,0,0
09062012,0,0
09072012,0,0
09082012,0,0
09092012,0,0
09102012,0,0
09112012,0,0
09122012,0,0
09152012,0,0
09162012,0,0
09112013,0,0
09122013,16,11.78263365
09142013,0,0
09152013,0,0
09162013,0,0
09172013,0,0
09182013,0,0
09192013,0,0
09202013,0,0
09212013,0,0
09222013,12,8.836975238
09232013,0,0
09242013,0,0
09252013,0,0
09262013,0,0
09272013,0,0
09282013,0,0
09292013,0,0
09302013,0,0
10012013,0,0
10022013,0,0
10032013,0,0
10042013,0,0
10052013,0,0
10062013,0,0
10072013,0,0
10082013,0,0
10092013,0,0
10102013,0,0
10112013,0,0
10122013,0,0
10132013,0,0
10142013,0,0
10152013,0,0
10162013,0,0
10172013,0,0
10182013,0,0
10192013,0,0
10202013,0,0
10212013,0,0
10222013,0,0
10232013,0,0
10242013,0,0
10252013,0,0
10262013,0,0
10292013,0,0
10302013,0,0
10312013,0,0
11012013,0,0
11022013,0,0
11032013,0,0
11042013,0,0
11052013,0,0
11062013,0,0
11072013,0,0
11082013,0,0
11092013,0,0
11102013,0,0
11112013,0,0
11122013,0,0
11132013,0,0
11142013,0,0
11152013,0,0
11162013,0,0
11172013,0,0
11182013,0,0
11192013,0,0
11202013,0,0
11212013,0,0
11222013,0,0
11232013,0,0
11242013,0,0
11252013,0,0
11262013,0,0
11272013,0,0
11282013,0,0
11292013,0,0
11302013,0,0
12012013,0,0
12022013,0,0
12032013,0,0
12042013,0,0
12052013,0,0
12062013,0,0
12072013,0,0
12082013,0,0
12092013,0,0
12102013,0,0
12112013,0,0
12122013,0,0
12132013,0,0
12142013,0,0
12152013,0,0
12162013,0,0
12172013,0,0
12182013,0,0
12192013,0,0
12202013,0,0
12212013,0,0
12222013,0,0
12232013,0,0
12242013,0,0
12252013,0,0
12262013,0,0
12272013,0,0
12282013,0,0
12292013,0,0
12302013,0,0
12312013,0,0
01012014,0,0
01022014,0,0
01032014,0,0
01042014,0,0
01052014,0,0
01062014,0,0
01072014,0,0
01082014,0,0
01092014,0,0
01102014,0,0
01112014,0,0
01122014,0,0
01132014,0,0
01142014,0,0
01152014,0,0
01162014,0,0
01172014,0,0
01182014,0,0
01192014,0,0
01202014,0,0
01212014,0,0
01222014,0,0
01232014,0,0
01242014,0,0
01252014,0,0
01262014,0,0
01272014,0,0
01282014,0,0
01292014,0,0
01302014,0,0
01312014,0,0
02012014,0,0
02022014,0,0
02032014,0,0
02042014,0,0
02052014,0,0
02062014,0,0
02072014,0,0
02082014,0,0
02092014,0,0
02102014,0,0
02112014,0,0
02122014,0,0
02132014,0,0
02142014,0,0
02152014,0,0
02162014,0,0
02172014,0,0
02182014,0,0
02192014,0,0
02202014,0,0
02212014,0,0
02222014,0,0
02232014,0,0
02242014,0,0
02252014,0,0
02262014,0,0
02272014,0,0
02282014,0,0
03012014,0,0
03022014,0,0
03032014,0,0
03042014,0,0
03052014,0,0
03062014,0,0
03072014,0,0
03082014,0,0
03092014,0,0
03102014,0,0
03112014,0,0
03122014,0,0
03132014,0,0
03142014,0,0
03152014,0,0
03162014,0,0
03172014,0,0
03182014,0,0
03192014,0,0
03202014,0,0
03212014,0,0
03222014,0,0
03232014,0,0
03242014,0,0
03252014,0,0
03262014,0,0
03272014,0,0
03282014,0,0
03292014,0,0
03302014,0,0
03312014,0,0
04012014,0,0
04022014,0,0
04032014,0,0
04042014,0,0
04052014,0,0
04062014,0,0
04072014,0,0
04082014,0,0
04092014,0,0
04102014,0,0
04112014,0,0
04122014,0,0
04132014,0,0
04142014,0,0
04152014,0,0
04162014,0,0
04172014,0,0
04182014,0,0
04192014,0,0
04202014,19,13.99187746
04212014,0,0
04222014,0,0
04232014,0,0
04242014,0,0
04252014,0,0
04262014,0,0
04272014,0,0
04282014,0,0
04292014,0,0
04302014,0,0
05012014,0,0
05022014,0,0
05032014,0,0
05042014,0,0
05052014,0,0
05062014,0,0
05072014,0,0
05082014,0,0
05092014,0,0
05102014,0,0
05112014,0,0
05122014,0,0
05132014,0,0
05142014,0,0
05152014,0,0
05162014,0,0
05172014,0,0
05182014,0,0
05192014,0,0
05202014,0,0
05212014,0,0
05222014,0,0
05232014,0,0
05242014,0,0
05252014,0,0
05262014,0,0
05272014,0,0
05282014,0,0
05292014,0,0
05302014,0,0
05312014,0,0
06012014,0,0
06022014,2,1.472829206
06032014,0,0
06042014,0,0
06052014,0,0
06062014,0,0
06072014,0,0
06082014,0,0
06092014,0,0
06102014,0,0
06112014,0,0
06122014,0,0
06132014,0,0
06142014,0,0
06152014,0,0
06162014,0,0
06172014,0,0
06182014,0,0
06192014,0,0
06202014,0,0
06212014,0,0
06222014,0,0
06232014,0,0
06242014,0,0
06252014,0,0
06262014,0,0
06272014,0,0
06282014,0,0
06292014,0,0
06302014,0,0
07012014,0,0
07022014,0,0
07032014,0,0
07042014,0,0
07052014,0,0
07062014,0,0
07072014,0,0
07082014,0,0
07092014,0,0
07102014,0,0
07112014,0,0
07122014,0,0
07132014,0,0
07142014,1,0.736414603
07152014,0,0
07162014,0,0
07172014,0,0
07182014,0,0
07192014,3,2.20924381
07202014,0,0
07212014,0,0
07222014,0,0
07232014,2,1.472829206
07242014,23,16.93753587
07252014,0,0
07262014,1,0.736414603
07272014,0,0
07282014,0,0
07292014,3,2.20924381
07302014,79,58.17675365
07312014,15,11.04621905
08012014,6,4.418487619
08022014,15,11.04621905
08032014,4,2.945658413
08042014,0,0
08052014,2,1.472829206
08062014,5,3.682073016
08072014,1,0.736414603
08082014,0,0
08092014,0,0
08102014,0,0
08112014,0,0
08122014,12,8.836975238
08132014,3,2.20924381
08142014,0,0
08152014,0,0
08162014,0,0
08172014,0,0
08182014,0,0
08192014,0,0
08202014,0,0
08212014,0,0
08222014,0,0
08232014,0,0
08242014,0,0
08252014,0,0
08262014,0,0
08272014,0,0
08282014,1,0.736414603
08292014,0,0
08302014,39,28.72016952
08312014,61,44.92129079
09012014,51,37.55714476
09022014,0,0
09032014,2,1.472829206
09042014,33,24.30168191
09052014,0,0
09062014,0,0
09072014,0,0
09082014,62,45.6577054
09092014,77,56.70392445
09102014,53,39.02997397
09112014,0,0
09122014,6,4.418487619
09132014,0,0
09142014,0,0
09152014,1,0.736414603
09162014,0,0
09172014,0,0
09182014,0,0
09192014,0,0
09202014,0,0
09212014,0,0
09222014,0,0
09232014,0,0
09242014,0,0
09252014,0,0
09262014,0,0
09272014,0,0
09282014,0,0
09292014,0,0
09302014,0,0
10012014,0,0
10022014,0,0
10032014,0,0
10042014,0,0
10052014,0,0
10062014,0,0
10072014,0,0
10082014,0,0
10092014,0,0
10102014,0,0
10112014,0,0
10122014,0,0
10132014,0,0
10142014,0,0
10152014,0,0
10162014,0,0
10172014,0,0
10182014,0,0
10192014,0,0
10202014,0,0
10212014,0,0
10222014,0,0
10232014,0,0
10242014,0,0
10252014,0,0
10262014,0,0
10272014,0,0
10282014,0,0
10292014,0,0
10302014,0,0
10312014,0,0
11012014,0,0
11022014,0,0
11032014,0,0
11042014,0,0
11052014,0,0
11062014,0,0
11072014,0,0
11082014,0,0
11092014,0,0
11102014,0,0
11112014,0,0
11122014,0,0
11132014,0,0
11142014,0,0
11152014,26,19.14677968
11162014,0,0
11172014,0,0
11182014,0,0
11192014,0,0
11202014,0,0
11212014,0,0
11222014,0,0
11232014,0,0
11242014,0,0
11252014,0,0
11262014,0,0
11272014,0,0
11282014,0,0
11292014,0,0
11302014,0,0
12012014,0,0
12022014,0,0
12032014,0,0
12042014,0,0
12052014,0,0
12062014,0,0
12072014,0,0
12082014,0,0
12092014,0,0
12102014,0,0
12112014,0,0
12122014,0,0
12132014,0,0
12142014,0,0
12152014,0,0
12162014,0,0
12172014,0,0
12182014,0,0
12192014,0,0
12202014,0,0
12212014,0,0
12222014,0,0
12232014,0,0
12242014,0,0
12252014,0,0
12262014,0,0
12272014,0,0
12282014,0,0
12292014,0,0
12302014,0,0
12312014,0,0
01012015,0,0
01022015,0,0
01032015,0,0
01042015,0,0
01052015,0,0
01062015,0,0
01072015,0,0
01082015,0,0
01092015,0,0
01102015,0,0
01112015,0,0
01122015,0,0
01132015,0,0
01142015,0,0
01152015,0,0
01162015,0,0
01172015,0,0
01182015,0,0
01192015,0,0
01202015,0,0
01212015,0,0
01222015,0,0
01232015,0,0
01242015,0,0
01252015,0,0
01262015,0,0
01272015,0,0
01282015,0,0
01292015,0,0
01302015,0,0
01312015,0,0
02012015,0,0
02022015,0,0
02032015,0,0
02042015,0,0
02052015,0,0
02062015,0,0
02072015,0,0
02082015,0,0
02092015,0,0
02102015,0,0
02112015,0,0
02122015,0,0
02132015,0,0
02142015,0,0
02152015,0,0
02162015,0,0
02172015,0,0
02182015,0,0
02192015,0,0
02202015,0,0
02212015,0,0
02222015,0,0
02232015,0,0
02242015,0,0
02252015,0,0
02262015,0,0
02272015,0,0
02282015,0,0
03012015,5,3.682073016
03022015,0,0
03032015,0,0
03042015,0,0
03052015,0,0
03062015,0,0
03072015,0,0
03082015,0,0
03092015,0,0
03102015,0,0
03112015,0,0
03122015,1,0.736414603
03132015,0,0
03142015,0,0
03152015,0,0
03162015,0,0
03172015,0,0
03182015,0,0
03192015,0,0
03202015,0,0
03212015,0,0
03222015,0,0
03232015,0,0
03242015,0,0
03252015,0,0
03262015,0,0
03272015,0,0
03282015,0,0
03292015,0,0
03302015,0,0
03312015,0,0
04012015,0,0
04022015,0,0
04032015,0,0
04042015,0,0
04052015,0,0
04062015,0,0
04072015,0,0
04082015,0,0
04092015,0,0
04102015,0,0
04112015,0,0
04122015,2,1.472829206
04132015,0,0
04142015,0,0
04152015,0,0
04162015,0,0
04222015,0,0
04232015,0,0
04242015,0,0
04252015,0,0
04262015,0,0
04272015,0,0
04282015,0,0
04292015,0,0
04302015,0,0
05012015,0,0
05022015,0,0
05032015,0,0
05042015,0,0
05052015,0,0
05062015,0,0
05072015,0,0
05082015,0,0
05092015,0,0
05102015,0,0
05112015,0,0
05122015,0,0
05132015,9,6.627731429
05142015,0,0
05152015,0,0
05162015,0,0
05172015,0,0
05182015,0,0
05192015,0,0
05202015,0,0
05212015,0,0
05222015,0,0
05232015,0,0
05242015,0,0
05252015,0,0
05262015,0,0
05272015,0,0
05282015,0,0
05292015,0,0
05302015,0,0
05312015,0,0
06012015,0,0
06022015,0,0
06032015,0,0
06042015,0,0
06052015,0,0
06062015,0,0
06072015,0,0
06082015,0,0
06092015,0,0
06102015,0,0
06112015,0,0
06122015,2,1.472829206
06132015,0,0
06142015,0,0
06152015,0,0
06162015,0,0
06172015,0,0
06182015,0,0
06192015,0,0
06202015,0,0
06212015,0,0
06222015,0,0
06232015,2,1.472829206
06242015,168,123.7176533
06252015,0,0
06262015,0,0
06272015,0,0
06282015,0,0
06292015,0,0
06302015,0,0
07012015,0,0
07022015,0,0
07032015,0,0
07042015,0,0
07052015,0,0
07062015,0,0
07072015,0,0
07082015,0,0
07092015,0,0
07102015,0,0
07112015,0,0
07122015,0,0
07132015,3,2.20924381
07142015,0,0
07152015,0,0
07162015,0,0
07172015,0,0
07182015,0,0
07192015,1,0.736414603
07202015,0,0
07212015,10,7.364146032
07222015,4,2.945658413
07232015,0,0
07242015,2,1.472829206
07252015,25,18.41036508
07262015,30,22.0924381
07272015,52,38.29355937
07282015,0,0
07292015,20,14.72829206
07302015,0,0
07312015,0,0
08012015,0,0
08022015,0,0
08032015,0,0
08042015,0,0
08052015,0,0
08062015,0,0
08072015,0,0
08082015,0,0
08092015,0,0
08102015,0,0
08112015,0,0
08122015,0,0
08132015,0,0
08142015,2,1.472829206
08152015,0,0
08162015,0,0
08172015,3,2.20924381
08182015,10,7.364146032
08192015,0,0
08202015,0,0
08212015,0,0
08222015,0,0
08232015,0,0
08242015,0,0
08252015,0,0
08262015,0,0
08272015,0,0
08282015,0,0
08292015,0,0
08302015,0,0
08312015,0,0
09012015,0,0
09022015,0,0
09032015,0,0
09042015,0,0
09052015,0,0
09062015,0,0
09072015,0,0
09082015,0,0
09092015,0,0
09102015,0,0
09112015,0,0
09122015,0,0
09132015,0,0
09142015,0,0
09152015,0,0
09162015,0,0
09172015,0,0
09182015,55,40.50280318
09192015,21,15.46470667
09202015,4,2.945658413
09212015,8,5.891316826
09222015,7,5.154902222
09232015,0,0
09242015,0,0
09252015,0,0
09262015,0,0
09272015,0,0
09282015,0,0
09292015,0,0
09302015,0,0
10012015,0,0
10022015,0,0
10032015,0,0
10042015,0,0
10052015,0,0
10062015,0,0
10072015,0,0
10082015,0,0
10092015,0,0
10102015,0,0
10112015,0,0
10122015,0,0
10132015,0,0
10142015,0,0
10152015,0,0
10162015,0,0
10172015,0,0
10182015,0,0
10192015,0,0
10202015,0,0
10212015,0,0
10222015,0,0
10232015,0,0
10242015,0,0
10252015,0,0
10262015,0,0
10272015,0,0
10282015,0,0
10292015,0,0
10302015,0,0
10312015,0,0
11012015,0,0
11022015,0,0
11032015,0,0
11042015,0,0
11052015,0,0
11062015,0,0
11072015,0,0
11082015,0,0
11092015,0,0
11102015,0,0
11112015,0,0
11122015,0,0
11132015,0,0
11142015,0,0
11152015,0,0
11162015,0,0
11172015,0,0
11182015,0,0
11192015,0,0
11202015,0,0
11212015,0,0
11222015,0,0
11232015,0,0
11242015,0,0
11252015,0,0
11262015,0,0
11272015,0,0
11282015,0,0
11292015,0,0
11302015,0,0
12012015,0,0
12022015,0,0
12032015,0,0
12042015,0,0
12052015,0,0
12062015,0,0
12072015,0,0
12082015,0,0
12092015,0,0
12102015,0,0
12112015,0,0
12122015,0,0
12132015,0,0
12142015,0,0
12152015,0,0
12162015,0,0
12172015,0,0
12182015,0,0
12192015,0,0
12202015,0,0
12212015,0,0
12222015,0,0
12232015,0,0
12242015,0,0
12252015,0,0
12262015,0,0
12272015,0,0
12282015,0,0
12292015,0,0
12302015,0,0
12312015,0,0
01012016,0,0
01022016,0,0
01032016,0,0
01042016,0,0
01052016,0,0
01062016,0,0
01072016,0,0
01082016,0,0
01122016,0,0
01132016,0,0
01192016,0,0
01202016,0,0
01212016,0,0
01222016,0,0
01232016,0,0
01242016,0,0
01252016,0,0
01262016,0,0
01272016,0,0
01282016,0,0
01292016,0,0
01302016,0,0
01312016,0,0
02012016,0,0
02022016,0,0
02032016,0,0
02042016,0,0
02052016,0,0
02062016,0,0
02082016,0,0
02092016,0,0
02102016,0,0
02112016,0,0
02122016,0,0
02132016,0,0
02142016,0,0
02152016,0,0
02162016,0,0
02172016,0,0
02182016,0,0
02212016,0,0
02222016,0,0
02232016,0,0
02242016,0,0
02252016,0,0
02292016,0,0
03032016,0,0
03042016,0,0
03052016,0,0
03062016,0,0
03092016,0,0
03122016,0,0
03132016,0,0
03142016,0,0
03152016,0,0
03162016,0,0
03182016,0,0
03202016,0,0
03272016,0,0
03282016,0,0
03292016,0,0
03312016,0,0
04012016,0,0
04022016,0,0
04042016,0,0
04052016,0,0
04062016,0,0
04072016,0,0
04082016,0,0
04092016,0,0
04102016,0,0
04112016,0,0
04122016,0,0
04132016,0,0
04142016,0,0
04152016,0,0
04162016,0,0
04172016,0,0
04202016,0,0
04212016,0,0
04222016,0,0
04232016,0,0
04242016,0,0
04252016,0,0
04262016,0,0
04272016,0,0
04282016,0,0
04292016,0,0
04302016,0,0
05012016,0,0
05022016,0,0
05032016,0,0
05042016,0,0
05052016,0,0
05062016,0,0
05072016,0,0
05082016,0,0
05092016,0,0
05102016,0,0
05112016,0,0
05122016,0,0
05132016,0,0
05142016,0,0
05152016,0,0
05162016,0,0
05172016,0,0
05182016,0,0
05192016,0,0
05202016,0,0
05212016,0,0
05222016,0,0
05232016,0,0
05242016,0,0
05252016,0,0
05262016,0,0
05272016,0,0
05282016,0,0
05292016,9,6.627731429
05302016,0,0
05312016,0,0
06012016,0,0
06022016,0,0
06032016,0,0
06072016,0,0
06082016,0,0
06092016,0,0
06102016,0,0
06122016,0,0
06132016,0,0
06142016,0,0
06152016,0,0
06162016,0,0
06172016,0,0
06182016,0,0
06192016,0,0
06212016,0,0
06272016,1,0.736414603
07022016,4,2.945658413
07032016,0,0
07042016,1,0.736414603
07052016,0,0
07062016,0,0
07072016,0,0
07082016,0,0
07092016,1,0.736414603
07102016,0,0
07112016,27,19.88319429
07122016,20,14.72829206
07132016,7,5.154902222
07142016,1,0.736414603
07152016,37,27.24734032
07162016,1,0.736414603
07172016,6,4.418487619
07182016,4,2.945658413
07192016,3,2.20924381
07202016,0,0
07212016,0,0
07222016,0,0
07232016,0,0
07242016,0,0
07252016,2,1.472829206
07262016,0,0
07272016,5,3.682073016
07282016,1,0.736414603
07292016,0,0
07302016,0,0
07312016,1,0.736414603
08012016,0,0
08022016,0,0
08032016,2,1.472829206
08042016,8,5.891316826
08052016,104,76.58711873
08062016,32,23.5652673
08072016,2,1.472829206
08082016,16,11.78263365
08092016,22,16.20112127
08102016,19,13.99187746
08112016,1,0.736414603
08122016,0,0
08132016,0,0
08142016,0,0
08152016,0,0
08162016,0,0
08172016,0,0
08182016,0,0
08192016,1,0.736414603
08202016,3,2.20924381
08212016,13,9.573389841
08222016,1,0.736414603
08232016,1,0.736414603
08242016,24,17.67395048
08252016,3,2.20924381
08262016,0,0
08272016,8,5.891316826
08282016,0,0
08292016,0,0
08302016,9,6.627731429
08312016,0,0
09012016,3,2.20924381
09022016,3,2.20924381
09032016,0,0
09042016,0,0
09052016,0,0
09062016,0,0
09072016,3,2.20924381
09082016,0,0
09092016,0,0
09102016,0,0
09112016,0,0
09122016,0,0
09132016,0,0
09142016,0,0
09152016,0,0
09162016,0,0
09172016,0,0
09182016,16,11.78263365
09192016,0,0
09202016,0,0
09212016,0,0
09222016,7,5.154902222
09232016,0,0
09242016,0,0
09252016,0,0
09262016,0,0
09272016,0,0
09282016,0,0
09292016,0,0
09302016,0,0
10012016,1,0.736414603
10022016,5,3.682073016
10032016,43,31.66582794
10042016,0,0
10052016,7,5.154902222
10062016,34,25.03809651
10072016,0,0
10082016,0,0
10092016,0,0
10102016,0,0
10112016,0,0
10122016,0,0
10132016,0,0
10142016,0,0
10152016,0,0
10162016,0,0
10172016,0,0
10182016,0,0
10192016,0,0
10202016,0,0
10212016,0,0
10222016,0,0
10232016,0,0
10242016,0,0
10252016,0,0
10262016,0,0
10272016,0,0
10282016,0,0
10292016,0,0
10302016,0,0
10312016,0,0
11012016,0,0
11022016,0,0
11032016,0,0
11042016,0,0
11052016,0,0
11062016,0,0
11072016,0,0
11082016,0,0
11092016,0,0
11102016,0,0
11112016,0,0
11122016,0,0
11132016,0,0
11142016,0,0
11152016,0,0
11162016,0,0
11172016,0,0
11182016,0,0
11192016,0,0
11202016,0,0
11212016,0,0
11222016,0,0
11232016,0,0
11242016,0,0
11252016,0,0
11262016,0,0
11272016,0,0
11282016,0,0
11292016,0,0
11302016,0,0
12012016,0,0
12022016,0,0
12032016,0,0
12042016,0,0
12052016,0,0
12062016,0,0
12072016,0,0
12082016,0,0
12092016,0,0
12102016,0,0
12112016,0,0
12122016,0,0
12132016,0,0
12142016,0,0
12152016,0,0
12162016,0,0
12172016,0,0
12182016,0,0
12192016,0,0
12202016,0,0
12212016,0,0
12222016,0,0
12232016,0,0
12242016,0,0
12252016,0,0
12262016,0,0
12272016,0,0
12282016,0,0
12292016,0,0
12302016,0,0
12312016,0,0
01012017,0,0
01022017,0,0
01032017,0,0
01042017,0,0
01052017,0,0
01062017,0,0
01072017,0,0
01082017,0,0
01092017,0,0
01102017,0,0
01112017,0,0
01122017,0,0
01132017,0,0
01142017,0,0
01152017,0,0
01162017,0,0
01172017,0,0
01182017,0,0
01192017,0,0
01202017,0,0
01212017,0,0
01222017,0,0
01232017,0,0
01242017,0,0
01252017,0,0
01262017,0,0
01272017,0,0
01282017,0,0
01292017,0,0
01302017,0,0
01312017,0,0
02012017,0,0
02022017,0,0
02032017,0,0
02042017,0,0
02052017,0,0
02062017,0,0
02072017,0,0
02082017,0,0
02092017,0,0
02102017,0,0
02112017,0,0
02122017,0,0
02132017,0,0
02142017,0,0
02152017,0,0
02162017,0,0
02172017,0,0
02182017,0,0
02192017,0,0
02202017,0,0
02212017,0,0
02222017,0,0
02232017,0,0
02242017,0,0
02252017,0,0
02262017,0,0
02272017,0,0
02282017,0,0
03012017,0,0
03022017,0,0
03032017,0,0
03042017,0,0
03052017,0,0
03062017,0,0
03072017,0,0
03082017,0,0
03092017,0,0
03102017,0,0
03112017,0,0
03122017,0,0
03132017,0,0
03142017,0,0
03152017,0,0
03162017,0,0
03172017,0,0
03182017,0,0
03192017,0,0
03202017,0,0
03212017,0,0
03222017,0,0
03232017,0,0
03242017,0,0
03252017,0,0
03262017,0,0
03272017,0,0
03282017,0,0
03292017,0,0
03302017,0,0
03312017,0,0
04012017,0,0
04022017,0,0
04032017,0,0
04042017,0,0
04052017,0,0
04062017,0,0
04072017,0,0
04082017,0,0
04092017,0,0
04102017,0,0
04112017,0,0
04122017,0,0
04132017,0,0
04142017,0,0
04152017,0,0
04162017,0,0
04172017,0,0
04182017,0,0
04192017,0,0
04202017,0,0
04212017,0,0
04222017,0,0
04232017,0,0
04242017,0,0
04252017,0,0
04262017,0,0
04272017,0,0
04282017,0,0
04292017,0,0
04302017,0,0
05012017,0,0
05022017,0,0
05032017,0,0
05042017,0,0
05052017,0,0
05062017,0,0
05072017,0,0
05082017,0,0
05092017,0,0
05102017,0,0
05112017,0,0
05122017,0,0
05132017,0,0
05142017,0,0
05152017,0,0
05162017,0,0
05172017,0,0
05182017,0,0
05192017,0,0
05202017,0,0
05212017,1,0.736414603
05222017,0,0
05232017,0,0
05242017,0,0
05252017,0,0
05262017,0,0
05272017,0,0
05282017,0,0
05292017,0,0
05302017,0,0
05312017,0,0
06012017,0,0
06022017,0,0
06032017,0,0
06042017,0,0
06052017,0,0
06062017,0,0
06072017,0,0
06082017,0,0
06092017,0,0
06102017,3,2.20924381
06112017,0,0
06122017,0,0
06132017,0,0
06142017,0,0
06152017,0,0
06162017,0,0
06172017,0,0
06182017,0,0
06192017,0,0
06202017,0,0
06212017,0,0
06222017,0,0
06232017,1,0.736414603
06242017,3,2.20924381
06252017,0,0
06262017,8,5.891316826
06272017,5,3.682073016
06282017,1,0.736414603
06292017,6,4.418487619
06302017,6,4.418487619
07012017,41,30.19299873
07022017,0,0
07032017,38,27.98375492
07042017,0,0
07052017,0,0
07062017,0,0
07072017,8,5.891316826
07082017,9,6.627731429
07092017,0,0
07102017,1,0.736414603
07112017,2,1.472829206
07122017,5,3.682073016
07132017,4,2.945658413
07142017,16,11.78263365
07152017,29,21.35602349
07162017,2,1.472829206
07172017,0,0
07182017,66,48.60336381
07192017,0,0
07202017,70,51.54902222
07212017,30.5,22.4606454
07222017,102,75.11428953
07232017,28,20.61960889
07242017,0,0
07252017,29.5,21.72423079
07262017,69,50.81260762
07272017,147.5,108.621154
07282017,2,1.472829206
07292017,0,0
07302017,0,0
07312017,4,2.945658413
08012017,0,0
08022017,4.5,3.313865714
08032017,0,0
08042017,0,0
08052017,0,0
08062017,0,0
08072017,9.5,6.99593873
08082017,0,0
08092017,0,0
08102017,0,0
08112017,3.5,2.577451111
08122017,1,0.736414603
08132017,0,0
08142017,0,0
08152017,0,0
08162017,0,0
08172017,0,0
08182017,0,0
08192017,0,0
08202017,62.5,46.0259127
08212017,3,2.20924381
08222017,0,0
08232017,2.5,1.841036508
08242017,0.5,0.368207302
08252017,0,0
08262017,0,0
08272017,10.5,7.732353334
08282017,4.5,3.313865714
08292017,34,25.03809651
08302017,14,10.30980444
08312017,7.5,5.523109524
09012017,3,2.20924381
09022017,18.5,13.62367016
09032017,4.5,3.313865714
09042017,0,0
09052017,0,0
09062017,0,0
09072017,0,0
09082017,0,0
09092017,0,0
09102017,0.5,0.368207302
09112017,2.5,1.841036508
09122017,0,0
09132017,0,0
09142017,0.5,0.368207302
09152017,0.5,0.368207302
09162017,22,16.20112127
09172017,0,0
09182017,0,0
09192017,0,0
09202017,0,0
09212017,0,0
09222017,0,0
09232017,0.5,0.368207302
09242017,0,0
09252017,0,0
09262017,0,0
09272017,0,0
09282017,0,0
09292017,0,0
09302017,0,0
10012017,0,0
10022017,0.5,0.368207302
10032017,0,0
10042017,0.5,0.368207302
10052017,0,0
10062017,0,0
10072017,0,0
10082017,0,0
10092017,0,0
10102017,0,0
10112017,0,0
10122017,0,0
10132017,0,0
10142017,0,0
10152017,0,0
10162017,0,0
10172017,0,0
10182017,0,0
10192017,0,0
10202017,0.5,0.368207302
10212017,0,0
10222017,0,0
10232017,0,0
10242017,0,0
10252017,0.5,0.368207302
10262017,0,0
10272017,0,0
10282017,0,0
10292017,0,0
10302017,0,0
10312017,0,0
11012017,0,0
11022017,0,0
11032017,0,0
11042017,0,0
11052017,0,0
11062017,0,0
11072017,0,0
11082017,0,0
11092017,0,0
11102017,0,0
11112017,0,0
11122017,0,0
11132017,0,0
11142017,0,0
11152017,0,0
11162017,0,0
11172017,0.5,0.368207302
11182017,0,0
11192017,0,0
11202017,0,0
11212017,0,0
11222017,0,0
11232017,0,0
11242017,0.5,0.368207302
11252017,0,0
11262017,0.5,0.368207302
11272017,0,0
11282017,0,0
11292017,0,0
11302017,0,0
12012017,0,0
12022017,0,0
12032017,0,0
12042017,0,0
12052017,7,5.154902222
12062017,0.5,0.368207302
12072017,0,0
12082017,0,0
12092017,0,0
12102017,0.5,0.368207302
12112017,0,0
12122017,0,0
12132017,0,0
12142017,0,0
12152017,0.5,0.368207302
12162017,0,0
12172017,0,0
12182017,0,0
12192017,0,0
12202017,0,0
12212017,0,0
12222017,0,0
12232017,0,0
12242017,0,0
12252017,0,0
12262017,0,0
12272017,0,0
12282017,0,0
12292017,0,0
12302017,0,0
12312017,0,0
01012018,0,0
01022018,0,0
01032018,0,0
01042018,0,0
01052018,0,0
01062018,0,0
01072018,0,0
01082018,0,0
01092018,0,0
01102018,0,0
01112018,0,0
01122018,0,0
01132018,0,0
01142018,0,0
01152018,0,0
01162018,0,0
01172018,0,0
01182018,0,0
01192018,0,0
01202018,0,0
01212018,0,0
01222018,0,0
01232018,0,0
01242018,0,0
01252018,0,0
01262018,0,0
01272018,0,0
01282018,0,0
01292018,0,0
01302018,0,0
01312018,0,0
02012018,0,0
02022018,0,0
02032018,0,0
02042018,0,0
02052018,0,0
02062018,0,0
02072018,0,0
02082018,0,0
02092018,0,0
02102018,0,0
02112018,0,0
02122018,0,0
02132018,0,0
02142018,0,0
02152018,0,0
02162018,0,0
02172018,0,0
02182018,0,0
02192018,0,0
02202018,0,0
02212018,0,0
02222018,0,0
02232018,0,0
02242018,0,0
02252018,0,0
02262018,0,0
02272018,0,0
02282018,0,0
03012018,0,0
03022018,0,0
03032018,0,0
03042018,0,0
03052018,0,0
03062018,0,0
03072018,0,0
03082018,0,0
03092018,0,0
03102018,0,0
03112018,0,0
03122018,0,0
03132018,0,0
03142018,0,0
03152018,0,0
03162018,0,0
03172018,0,0
03182018,0,0
03192018,0,0
03202018,0,0
03212018,0,0
03222018,0,0
03232018,0,0
03242018,0,0
03252018,0,0
03262018,0,0
03272018,0,0
03282018,0,0
03292018,0,0
03302018,0,0
03312018,0,0
04012018,0,0
04022018,0,0
04032018,0,0
04042018,0,0
04052018,0,0
04062018,0,0
04072018,0,0
04082018,0,0
04092018,0,0
04102018,0,0
04112018,0,0
04122018,0,0
04132018,0,0
04142018,0,0
04152018,0,0
04162018,0,0
04172018,0,0
04182018,0,0
04192018,0,0
04202018,0,0
04212018,0,0
04222018,0,0
04232018,0,0
04242018,0,0
04252018,0,0
04262018,0,0
04272018,0,0
04282018,0,0
04292018,0,0
04302018,0,0
05012018,0,0
05022018,0,0
05032018,0,0
05042018,0,0
05052018,0,0
05062018,0,0
05072018,0,0
05082018,0,0
05092018,0,0
05102018,0,0
05112018,0,0
05122018,0,0
05132018,0,0
05142018,0,0
05152018,0,0
05162018,0,0
05172018,0,0
05182018,0,0
05192018,0,0
05202018,0,0
05212018,0,0
05222018,0,0
05232018,0,0
05242018,0,0
05252018,0,0
05262018,0,0
05272018,0,0
05282018,0,0
05292018,0,0
05302018,0,0
05312018,0,0
06012018,0,0
06022018,0,0
06032018,0,0
06042018,0,0
06052018,0,0
06062018,0,0
06072018,0,0
06082018,0,0
06092018,0,0
06102018,0,0
06112018,0,0
06122018,0,0
06132018,0,0
06142018,0,0
06152018,0,0
06162018,0,0
06172018,0,0
06182018,0,0
06192018,0,0
06202018,0,0
06212018,0,0
06222018,0,0
06232018,0,0
06242018,12,8.836975238
06252018,0,0
06262018,0,0
06272018,0,0
06282018,0,0
06292018,0,0
06302018,0,0
07012018,0,0
07022018,2.5,1.841036508
07032018,2.5,1.841036508
07042018,0,0
07052018,0.5,0.368207302
07062018,0,0
07072018,0.5,0.368207302
07082018,0,0
07092018,0,0
07102018,4.5,3.313865714
07112018,7,5.154902222
07122018,0,0
07132018,0,0
07142018,0,0
07152018,2,1.472829206
09062018,0,0
09072018,0,0
09082018,0,0
09092018,0,0
09102018,0,0
09112018,0,0
09122018,0,0
09132018,0,0
09142018,0,0
09152018,0,0
09162018,0,0
09172018,0,0
09182018,0,0
09192018,0,0
09202018,0,0
09212018,0,0
09222018,19,13.99187746
09232018,3,2.20924381
09242018,0,0
09252018,0,0
09262018,0,0
09272018,0,0
09282018,0,0
09292018,0,0
09302018,0,0
10012018,0,0
10022018,0,0
10032018,0,0
10042018,0,0
10052018,0,0
10062018,0,0
10072018,0,0
10082018,0,0
10092018,0,0
10102018,0,0
10112018,0,0
10122018,0,0
10132018,0,0
10142018,0,0
10152018,0,0
10162018,0,0
10172018,0,0
10182018,0,0
10192018,0,0
10202018,0,0
10212018,0,0
10222018,0,0
10242018,0,0
10252018,0,0
10262018,0,0
10272018,0,0
11132018,0,0
11142018,0,0
11152018,0,0
11162018,0,0
11172018,0,0
11182018,0,0
11192018,0,0
11202018,0,0
11212018,0,0
11222018,0,0
11232018,0,0
11242018,0,0
11252018,0,0
11262018,0,0
11272018,0,0
11282018,0,0
11292018,0,0
11302018,0,0
12012018,0,0
12022018,0,0
12032018,0,0
12042018,0,0
12052018,0,0
12062018,0,0
12072018,0,0
12082018,0,0
12092018,0,0
12102018,0,0
12112018,0,0
12122018,0,0
12132018,0,0
12142018,0,0
12152018,0,0
12162018,0,0
12172018,0,0
12182018,0,0
12192018,0,0
12202018,0,0
12212018,0,0
12222018,0,0
12232018,0,0
12242018,0,0
12252018,0,0
12262018,0,0
12272018,0,0
12282018,0,0
12292018,0,0
12302018,0,0
12312018,0,0
01012019,0,0
